{
  "spec": "2.0",
  "mod_id": "Simpit",
  "author": "Tetopia",
  "name": "Simpit",
  "description": "Provides a serial connection interface for custom controllers.",
  "source": "https://github.com/Simpit-team/KerbalSimpit-KSP2",
  "version": "1.0.0-rc2",
  "version_check": "https://raw.githubusercontent.com/Simpit-team/KerbalSimpit-KSP2/main/plugin_template/swinfo.json",
  "ksp2_version": {
    "min": "0.2.0",
    "max": "*"
  },
  "dependencies": [
    {
      "id": "com.github.x606.spacewarp",
      "version": {
        "min": "1.6.0",
        "max": "*"
      }
    },
    {
      "id":  "UitkForKsp2",
      "version": {
        "min": "2.4.0",
        "max": "*"
      }
    }
  ]
}
	